"Registry Time","Total Events","Opens","Closes","Reads","Writes","Other","Path"
"0.0242697","4,096","1,116","548","1,080","354","998","<Total>"
"0.0012183","318","6","6","0","6","300","HKCR"
"0.0001011","14","4","4","0","4","2","HKCR\AppID\{304CE942-6E39-40D8-943A-B913C40C9CD4}"
"0.0000097","2","0","0","2","0","0","HKCR\AppID\{304CE942-6E39-40D8-943A-B913C40C9CD4}\(Default)"
"0.0000064","2","0","0","2","0","0","HKCR\AppID\{304CE942-6E39-40D8-943A-B913C40C9CD4}\ActivateAtStorage"
"0.0000210","2","0","0","2","0","0","HKCR\AppID\{304CE942-6E39-40D8-943A-B913C40C9CD4}\AppIDFlags"
"0.0000063","2","0","0","2","0","0","HKCR\AppID\{304CE942-6E39-40D8-943A-B913C40C9CD4}\AuthenticationLevel"
"0.0000130","4","0","0","4","0","0","HKCR\AppID\{304CE942-6E39-40D8-943A-B913C40C9CD4}\DllSurrogate"
"0.0000189","6","0","0","6","0","0","HKCR\AppID\{304CE942-6E39-40D8-943A-B913C40C9CD4}\LaunchPermission"
"0.0000054","2","0","0","2","0","0","HKCR\AppID\{304CE942-6E39-40D8-943A-B913C40C9CD4}\LoadUserSettings"
"0.0000055","2","0","0","2","0","0","HKCR\AppID\{304CE942-6E39-40D8-943A-B913C40C9CD4}\LocalService"
"0.0000055","2","0","0","2","0","0","HKCR\AppID\{304CE942-6E39-40D8-943A-B913C40C9CD4}\MGOTFlags"
"0.0000056","2","0","0","2","0","0","HKCR\AppID\{304CE942-6E39-40D8-943A-B913C40C9CD4}\PreferredServerBitness"
"0.0000055","2","0","0","2","0","0","HKCR\AppID\{304CE942-6E39-40D8-943A-B913C40C9CD4}\ProcessMitigationPolicy"
"0.0000053","2","0","0","2","0","0","HKCR\AppID\{304CE942-6E39-40D8-943A-B913C40C9CD4}\ProtectionLevel"
"0.0000054","2","0","0","2","0","0","HKCR\AppID\{304CE942-6E39-40D8-943A-B913C40C9CD4}\RemoteServerName"
"0.0000058","2","0","0","2","0","0","HKCR\AppID\{304CE942-6E39-40D8-943A-B913C40C9CD4}\ROTFlags"
"0.0000055","2","0","0","2","0","0","HKCR\AppID\{304CE942-6E39-40D8-943A-B913C40C9CD4}\RunAs"
"0.0000054","2","0","0","2","0","0","HKCR\AppID\{304CE942-6E39-40D8-943A-B913C40C9CD4}\SRPTrustLevel"
"0.0000563","8","8","0","0","0","0","HKCR\AppID\CCSClient.exe"
"0.0002555","104","16","16","0","16","56","HKCR\WOW6432Node\CLSID\{1B1CAD8C-2DAB-11D2-B604-00104B703EFD}"
"0.0000676","16","0","0","16","0","0","HKCR\WOW6432Node\CLSID\{1B1CAD8C-2DAB-11D2-B604-00104B703EFD}\(Default)"
"0.0000265","8","0","0","8","0","0","HKCR\WOW6432Node\CLSID\{1B1CAD8C-2DAB-11D2-B604-00104B703EFD}\ActivateOnHostFlags"
"0.0000115","4","0","0","4","0","0","HKCR\WOW6432Node\CLSID\{1B1CAD8C-2DAB-11D2-B604-00104B703EFD}\AppID"
"0.0000154","4","4","0","0","0","0","HKCR\WOW6432Node\CLSID\{1B1CAD8C-2DAB-11D2-B604-00104B703EFD}\Elevation"
"0.0000296","8","8","0","0","0","0","HKCR\WOW6432Node\CLSID\{1B1CAD8C-2DAB-11D2-B604-00104B703EFD}\InprocHandler"
"0.0000345","8","8","0","0","0","0","HKCR\WOW6432Node\CLSID\{1B1CAD8C-2DAB-11D2-B604-00104B703EFD}\InprocHandler32"
"0.0000495","16","8","8","0","0","0","HKCR\WOW6432Node\CLSID\{1B1CAD8C-2DAB-11D2-B604-00104B703EFD}\InprocServer32"
"0.0000892","24","0","0","24","0","0","HKCR\WOW6432Node\CLSID\{1B1CAD8C-2DAB-11D2-B604-00104B703EFD}\InprocServer32\(Default)"
"0.0000235","8","0","0","8","0","0","HKCR\WOW6432Node\CLSID\{1B1CAD8C-2DAB-11D2-B604-00104B703EFD}\InprocServer32\InprocServer32"
"0.0000270","8","0","0","8","0","0","HKCR\WOW6432Node\CLSID\{1B1CAD8C-2DAB-11D2-B604-00104B703EFD}\InprocServer32\ThreadingModel"
"0.0000190","4","4","0","0","0","0","HKCR\WOW6432Node\CLSID\{1B1CAD8C-2DAB-11D2-B604-00104B703EFD}\LocalServer"
"0.0000196","4","4","0","0","0","0","HKCR\WOW6432Node\CLSID\{1B1CAD8C-2DAB-11D2-B604-00104B703EFD}\LocalServer32"
"0.0003245","12","12","0","0","0","0","HKCR\WOW6432Node\CLSID\{1B1CAD8C-2DAB-11D2-B604-00104B703EFD}\TreatAs"
"0.0001253","58","8","8","0","8","34","HKCR\WOW6432Node\CLSID\{304CE942-6E39-40D8-943A-B913C40C9CD4}"
"0.0000259","8","0","0","8","0","0","HKCR\WOW6432Node\CLSID\{304CE942-6E39-40D8-943A-B913C40C9CD4}\(Default)"
"0.0000131","4","0","0","4","0","0","HKCR\WOW6432Node\CLSID\{304CE942-6E39-40D8-943A-B913C40C9CD4}\ActivateOnHostFlags"
"0.0000068","2","0","0","2","0","0","HKCR\WOW6432Node\CLSID\{304CE942-6E39-40D8-943A-B913C40C9CD4}\AppID"
"0.0000284","4","2","2","0","0","0","HKCR\WOW6432Node\CLSID\{304CE942-6E39-40D8-943A-B913C40C9CD4}\Elevation"
"0.0000073","2","0","0","2","0","0","HKCR\WOW6432Node\CLSID\{304CE942-6E39-40D8-943A-B913C40C9CD4}\Elevation\Enabled"
"0.0000136","4","0","0","4","0","0","HKCR\WOW6432Node\CLSID\{304CE942-6E39-40D8-943A-B913C40C9CD4}\Elevation\IconReference"
"0.0000166","4","4","0","0","0","0","HKCR\WOW6432Node\CLSID\{304CE942-6E39-40D8-943A-B913C40C9CD4}\InprocHandler"
"0.0000171","4","4","0","0","0","0","HKCR\WOW6432Node\CLSID\{304CE942-6E39-40D8-943A-B913C40C9CD4}\InprocHandler32"
"0.0000513","16","8","8","0","0","0","HKCR\WOW6432Node\CLSID\{304CE942-6E39-40D8-943A-B913C40C9CD4}\InprocServer32"
"0.0000385","12","0","0","12","0","0","HKCR\WOW6432Node\CLSID\{304CE942-6E39-40D8-943A-B913C40C9CD4}\InprocServer32\(Default)"
"0.0000133","4","0","0","4","0","0","HKCR\WOW6432Node\CLSID\{304CE942-6E39-40D8-943A-B913C40C9CD4}\InprocServer32\InprocServer32"
"0.0000150","4","0","0","4","0","0","HKCR\WOW6432Node\CLSID\{304CE942-6E39-40D8-943A-B913C40C9CD4}\InprocServer32\ThreadingModel"
"0.0000076","2","0","0","2","0","0","HKCR\WOW6432Node\CLSID\{304CE942-6E39-40D8-943A-B913C40C9CD4}\LocalizedString"
"0.0000130","2","2","0","0","0","0","HKCR\WOW6432Node\CLSID\{304CE942-6E39-40D8-943A-B913C40C9CD4}\LocalServer"
"0.0000236","4","4","0","0","0","0","HKCR\WOW6432Node\CLSID\{304CE942-6E39-40D8-943A-B913C40C9CD4}\LocalServer32"
"0.0000255","6","6","0","0","0","0","HKCR\WOW6432Node\CLSID\{304CE942-6E39-40D8-943A-B913C40C9CD4}\TreatAs"
"0.0002679","104","16","16","0","16","56","HKCR\WOW6432Node\CLSID\{674B6698-EE92-11D0-AD71-00C04FD8FDFF}"
"0.0000497","16","0","0","16","0","0","HKCR\WOW6432Node\CLSID\{674B6698-EE92-11D0-AD71-00C04FD8FDFF}\(Default)"
"0.0000274","8","0","0","8","0","0","HKCR\WOW6432Node\CLSID\{674B6698-EE92-11D0-AD71-00C04FD8FDFF}\ActivateOnHostFlags"
"0.0000113","4","0","0","4","0","0","HKCR\WOW6432Node\CLSID\{674B6698-EE92-11D0-AD71-00C04FD8FDFF}\AppID"
"0.0000174","4","4","0","0","0","0","HKCR\WOW6432Node\CLSID\{674B6698-EE92-11D0-AD71-00C04FD8FDFF}\Elevation"
"0.0000350","8","8","0","0","0","0","HKCR\WOW6432Node\CLSID\{674B6698-EE92-11D0-AD71-00C04FD8FDFF}\InprocHandler"
"0.0000355","8","8","0","0","0","0","HKCR\WOW6432Node\CLSID\{674B6698-EE92-11D0-AD71-00C04FD8FDFF}\InprocHandler32"
"0.0000523","16","8","8","0","0","0","HKCR\WOW6432Node\CLSID\{674B6698-EE92-11D0-AD71-00C04FD8FDFF}\InprocServer32"
"0.0001292","24","0","0","24","0","0","HKCR\WOW6432Node\CLSID\{674B6698-EE92-11D0-AD71-00C04FD8FDFF}\InprocServer32\(Default)"
"0.0000378","8","0","0","8","0","0","HKCR\WOW6432Node\CLSID\{674B6698-EE92-11D0-AD71-00C04FD8FDFF}\InprocServer32\InprocServer32"
"0.0000257","8","0","0","8","0","0","HKCR\WOW6432Node\CLSID\{674B6698-EE92-11D0-AD71-00C04FD8FDFF}\InprocServer32\ThreadingModel"
"0.0000164","4","4","0","0","0","0","HKCR\WOW6432Node\CLSID\{674B6698-EE92-11D0-AD71-00C04FD8FDFF}\LocalServer"
"0.0000210","4","4","0","0","0","0","HKCR\WOW6432Node\CLSID\{674B6698-EE92-11D0-AD71-00C04FD8FDFF}\LocalServer32"
"0.0000503","12","12","0","0","0","0","HKCR\WOW6432Node\CLSID\{674B6698-EE92-11D0-AD71-00C04FD8FDFF}\TreatAs"
"0.0003216","104","16","16","0","16","56","HKCR\WOW6432Node\CLSID\{7C857801-7381-11CF-884D-00AA004B2E24}"
"0.0000491","16","0","0","16","0","0","HKCR\WOW6432Node\CLSID\{7C857801-7381-11CF-884D-00AA004B2E24}\(Default)"
"0.0000460","8","0","0","8","0","0","HKCR\WOW6432Node\CLSID\{7C857801-7381-11CF-884D-00AA004B2E24}\ActivateOnHostFlags"
"0.0000114","4","0","0","4","0","0","HKCR\WOW6432Node\CLSID\{7C857801-7381-11CF-884D-00AA004B2E24}\AppID"
"0.0000194","4","4","0","0","0","0","HKCR\WOW6432Node\CLSID\{7C857801-7381-11CF-884D-00AA004B2E24}\Elevation"
"0.0000374","8","8","0","0","0","0","HKCR\WOW6432Node\CLSID\{7C857801-7381-11CF-884D-00AA004B2E24}\InprocHandler"
"0.0000323","8","8","0","0","0","0","HKCR\WOW6432Node\CLSID\{7C857801-7381-11CF-884D-00AA004B2E24}\InprocHandler32"
"0.0000494","16","8","8","0","0","0","HKCR\WOW6432Node\CLSID\{7C857801-7381-11CF-884D-00AA004B2E24}\InprocServer32"
"0.0000749","24","0","0","24","0","0","HKCR\WOW6432Node\CLSID\{7C857801-7381-11CF-884D-00AA004B2E24}\InProcServer32\(Default)"
"0.0000235","8","0","0","8","0","0","HKCR\WOW6432Node\CLSID\{7C857801-7381-11CF-884D-00AA004B2E24}\InProcServer32\InprocServer32"
"0.0000283","8","0","0","8","0","0","HKCR\WOW6432Node\CLSID\{7C857801-7381-11CF-884D-00AA004B2E24}\InProcServer32\ThreadingModel"
"0.0000202","4","4","0","0","0","0","HKCR\WOW6432Node\CLSID\{7C857801-7381-11CF-884D-00AA004B2E24}\LocalServer"
"0.0000187","4","4","0","0","0","0","HKCR\WOW6432Node\CLSID\{7C857801-7381-11CF-884D-00AA004B2E24}\LocalServer32"
"0.0000465","12","12","0","0","0","0","HKCR\WOW6432Node\CLSID\{7C857801-7381-11CF-884D-00AA004B2E24}\TreatAs"
"0.0001145","32","4","4","0","4","20","HKCR\WOW6432Node\CLSID\{8BC3F05E-D86B-11D0-A075-00C04FB68820}"
"0.0000269","8","0","0","8","0","0","HKCR\WOW6432Node\CLSID\{8BC3F05E-D86B-11D0-A075-00C04FB68820}\(Default)"
"0.0000304","4","0","0","4","0","0","HKCR\WOW6432Node\CLSID\{8BC3F05E-D86B-11D0-A075-00C04FB68820}\ActivateOnHostFlags"
"0.0000308","4","4","0","0","0","0","HKCR\WOW6432Node\CLSID\{8BC3F05E-D86B-11D0-A075-00C04FB68820}\InprocHandler"
"0.0000244","4","4","0","0","0","0","HKCR\WOW6432Node\CLSID\{8BC3F05E-D86B-11D0-A075-00C04FB68820}\InprocHandler32"
"0.0000144","4","4","0","0","0","0","HKCR\WOW6432Node\CLSID\{8BC3F05E-D86B-11D0-A075-00C04FB68820}\InprocServer32"
"0.0000182","4","4","0","0","0","0","HKCR\WOW6432Node\CLSID\{8BC3F05E-D86B-11D0-A075-00C04FB68820}\TreatAs"
"0.0002419","104","16","16","0","16","56","HKCR\WOW6432Node\CLSID\{CB8555CC-9128-11D1-AD9B-00C04FD8FDFF}"
"0.0000499","16","0","0","16","0","0","HKCR\WOW6432Node\CLSID\{CB8555CC-9128-11D1-AD9B-00C04FD8FDFF}\(Default)"
"0.0000248","8","0","0","8","0","0","HKCR\WOW6432Node\CLSID\{CB8555CC-9128-11D1-AD9B-00C04FD8FDFF}\ActivateOnHostFlags"
"0.0000111","4","0","0","4","0","0","HKCR\WOW6432Node\CLSID\{CB8555CC-9128-11D1-AD9B-00C04FD8FDFF}\AppID"
"0.0000192","4","4","0","0","0","0","HKCR\WOW6432Node\CLSID\{CB8555CC-9128-11D1-AD9B-00C04FD8FDFF}\Elevation"
"0.0000318","8","8","0","0","0","0","HKCR\WOW6432Node\CLSID\{CB8555CC-9128-11D1-AD9B-00C04FD8FDFF}\InprocHandler"
"0.0000326","8","8","0","0","0","0","HKCR\WOW6432Node\CLSID\{CB8555CC-9128-11D1-AD9B-00C04FD8FDFF}\InprocHandler32"
"0.0000529","16","8","8","0","0","0","HKCR\WOW6432Node\CLSID\{CB8555CC-9128-11D1-AD9B-00C04FD8FDFF}\InprocServer32"
"0.0000744","24","0","0","24","0","0","HKCR\WOW6432Node\CLSID\{CB8555CC-9128-11D1-AD9B-00C04FD8FDFF}\InprocServer32\(Default)"
"0.0000229","8","0","0","8","0","0","HKCR\WOW6432Node\CLSID\{CB8555CC-9128-11D1-AD9B-00C04FD8FDFF}\InprocServer32\InprocServer32"
"0.0000259","8","0","0","8","0","0","HKCR\WOW6432Node\CLSID\{CB8555CC-9128-11D1-AD9B-00C04FD8FDFF}\InprocServer32\ThreadingModel"
"0.0000143","4","4","0","0","0","0","HKCR\WOW6432Node\CLSID\{CB8555CC-9128-11D1-AD9B-00C04FD8FDFF}\LocalServer"
"0.0000226","4","4","0","0","0","0","HKCR\WOW6432Node\CLSID\{CB8555CC-9128-11D1-AD9B-00C04FD8FDFF}\LocalServer32"
"0.0000472","12","12","0","0","0","0","HKCR\WOW6432Node\CLSID\{CB8555CC-9128-11D1-AD9B-00C04FD8FDFF}\TreatAs"
"0.0002794","104","16","16","0","16","56","HKCR\WOW6432Node\CLSID\{D68AF00A-29CB-43FA-8504-CE99A996D9EA}"
"0.0000667","16","0","0","16","0","0","HKCR\WOW6432Node\CLSID\{D68AF00A-29CB-43FA-8504-CE99A996D9EA}\(Default)"
"0.0000304","8","0","0","8","0","0","HKCR\WOW6432Node\CLSID\{D68AF00A-29CB-43FA-8504-CE99A996D9EA}\ActivateOnHostFlags"
"0.0000117","4","0","0","4","0","0","HKCR\WOW6432Node\CLSID\{D68AF00A-29CB-43FA-8504-CE99A996D9EA}\AppID"
"0.0000158","4","4","0","0","0","0","HKCR\WOW6432Node\CLSID\{D68AF00A-29CB-43FA-8504-CE99A996D9EA}\Elevation"
"0.0000300","8","8","0","0","0","0","HKCR\WOW6432Node\CLSID\{D68AF00A-29CB-43FA-8504-CE99A996D9EA}\InprocHandler"
"0.0000295","8","8","0","0","0","0","HKCR\WOW6432Node\CLSID\{D68AF00A-29CB-43FA-8504-CE99A996D9EA}\InprocHandler32"
"0.0000755","16","8","8","0","0","0","HKCR\WOW6432Node\CLSID\{D68AF00A-29CB-43FA-8504-CE99A996D9EA}\InprocServer32"
"0.0001051","24","0","0","24","0","0","HKCR\WOW6432Node\CLSID\{D68AF00A-29CB-43FA-8504-CE99A996D9EA}\InprocServer32\(Default)"
"0.0000416","8","0","0","8","0","0","HKCR\WOW6432Node\CLSID\{D68AF00A-29CB-43FA-8504-CE99A996D9EA}\InprocServer32\InprocServer32"
"0.0000283","8","0","0","8","0","0","HKCR\WOW6432Node\CLSID\{D68AF00A-29CB-43FA-8504-CE99A996D9EA}\InprocServer32\ThreadingModel"
"0.0000150","4","4","0","0","0","0","HKCR\WOW6432Node\CLSID\{D68AF00A-29CB-43FA-8504-CE99A996D9EA}\LocalServer"
"0.0000156","4","4","0","0","0","0","HKCR\WOW6432Node\CLSID\{D68AF00A-29CB-43FA-8504-CE99A996D9EA}\LocalServer32"
"0.0000544","12","12","0","0","0","0","HKCR\WOW6432Node\CLSID\{D68AF00A-29CB-43FA-8504-CE99A996D9EA}\TreatAs"
"0.0002523","104","16","16","0","16","56","HKCR\WOW6432Node\CLSID\{E7D35CFA-348B-485E-B524-252725D697CA}"
"0.0000495","16","0","0","16","0","0","HKCR\WOW6432Node\CLSID\{E7D35CFA-348B-485E-B524-252725D697CA}\(Default)"
"0.0000255","8","0","0","8","0","0","HKCR\WOW6432Node\CLSID\{E7D35CFA-348B-485E-B524-252725D697CA}\ActivateOnHostFlags"
"0.0000113","4","0","0","4","0","0","HKCR\WOW6432Node\CLSID\{E7D35CFA-348B-485E-B524-252725D697CA}\AppID"
"0.0000150","4","4","0","0","0","0","HKCR\WOW6432Node\CLSID\{E7D35CFA-348B-485E-B524-252725D697CA}\Elevation"
"0.0000268","8","8","0","0","0","0","HKCR\WOW6432Node\CLSID\{E7D35CFA-348B-485E-B524-252725D697CA}\InprocHandler"
"0.0000333","8","8","0","0","0","0","HKCR\WOW6432Node\CLSID\{E7D35CFA-348B-485E-B524-252725D697CA}\InprocHandler32"
"0.0000452","16","8","8","0","0","0","HKCR\WOW6432Node\CLSID\{E7D35CFA-348B-485E-B524-252725D697CA}\InprocServer32"
"0.0000723","24","0","0","24","0","0","HKCR\WOW6432Node\CLSID\{E7D35CFA-348B-485E-B524-252725D697CA}\InProcServer32\(Default)"
"0.0000240","8","0","0","8","0","0","HKCR\WOW6432Node\CLSID\{E7D35CFA-348B-485E-B524-252725D697CA}\InProcServer32\InprocServer32"
"0.0000260","8","0","0","8","0","0","HKCR\WOW6432Node\CLSID\{E7D35CFA-348B-485E-B524-252725D697CA}\InProcServer32\ThreadingModel"
"0.0000374","4","4","0","0","0","0","HKCR\WOW6432Node\CLSID\{E7D35CFA-348B-485E-B524-252725D697CA}\LocalServer"
"0.0000165","4","4","0","0","0","0","HKCR\WOW6432Node\CLSID\{E7D35CFA-348B-485E-B524-252725D697CA}\LocalServer32"
"0.0000494","12","12","0","0","0","0","HKCR\WOW6432Node\CLSID\{E7D35CFA-348B-485E-B524-252725D697CA}\TreatAs"
"0.0000857","16","4","4","0","4","4","HKCR\WOW6432Node\Interface\{00000134-0000-0000-C000-000000000046}"
"0.0000317","8","4","4","0","0","0","HKCR\WOW6432Node\Interface\{00000134-0000-0000-C000-000000000046}\ProxyStubClsid32"
"0.0000151","4","0","0","4","0","0","HKCR\WOW6432Node\Interface\{00000134-0000-0000-C000-000000000046}\ProxyStubClsid32\(Default)"
"0.0000546","16","4","4","0","4","4","HKCR\WOW6432Node\Interface\{027947E1-D731-11CE-A357-000000000001}"
"0.0000289","8","4","4","0","0","0","HKCR\WOW6432Node\Interface\{027947E1-D731-11CE-A357-000000000001}\ProxyStubClsid32"
"0.0000177","4","0","0","4","0","0","HKCR\WOW6432Node\Interface\{027947E1-D731-11CE-A357-000000000001}\ProxyStubClsid32\(Default)"
"0.0000492","16","4","4","0","4","4","HKCR\WOW6432Node\Interface\{1C1C45EE-4395-11D2-B60B-00104B703EFD}"
"0.0000265","8","4","4","0","0","0","HKCR\WOW6432Node\Interface\{1C1C45EE-4395-11D2-B60B-00104B703EFD}\ProxyStubClsid32"
"0.0000155","4","0","0","4","0","0","HKCR\WOW6432Node\Interface\{1C1C45EE-4395-11D2-B60B-00104B703EFD}\ProxyStubClsid32\(Default)"
"0.0000472","16","4","4","0","4","4","HKCR\WOW6432Node\Interface\{423EC01E-2E35-11D2-B604-00104B703EFD}"
"0.0000263","8","4","4","0","0","0","HKCR\WOW6432Node\Interface\{423EC01E-2E35-11D2-B604-00104B703EFD}\ProxyStubClsid32"
"0.0000193","4","0","0","4","0","0","HKCR\WOW6432Node\Interface\{423EC01E-2E35-11D2-B604-00104B703EFD}\ProxyStubClsid32\(Default)"
"0.0000909","16","4","4","0","4","4","HKCR\WOW6432Node\Interface\{9556DC99-828C-11CF-A37E-00AA003240C7}"
"0.0000310","8","4","4","0","0","0","HKCR\WOW6432Node\Interface\{9556DC99-828C-11CF-A37E-00AA003240C7}\ProxyStubClsid32"
"0.0000177","4","0","0","4","0","0","HKCR\WOW6432Node\Interface\{9556DC99-828C-11CF-A37E-00AA003240C7}\ProxyStubClsid32\(Default)"
"0.0000564","16","4","4","0","4","4","HKCR\WOW6432Node\Interface\{9F6C78EF-FCE5-42FA-ABEA-3E7DF91921DC}"
"0.0000268","8","4","4","0","0","0","HKCR\WOW6432Node\Interface\{9F6C78EF-FCE5-42FA-ABEA-3E7DF91921DC}\ProxyStubClsid32"
"0.0000174","4","0","0","4","0","0","HKCR\WOW6432Node\Interface\{9F6C78EF-FCE5-42FA-ABEA-3E7DF91921DC}\ProxyStubClsid32\(Default)"
"0.0000616","16","4","4","0","4","4","HKCR\WOW6432Node\Interface\{D4781CD6-E5D3-44DF-AD94-930EFE48A887}"
"0.0000324","8","4","4","0","0","0","HKCR\WOW6432Node\Interface\{D4781CD6-E5D3-44DF-AD94-930EFE48A887}\ProxyStubClsid32"
"0.0000182","4","0","0","4","0","0","HKCR\WOW6432Node\Interface\{D4781CD6-E5D3-44DF-AD94-930EFE48A887}\ProxyStubClsid32\(Default)"
"0.0000809","16","4","4","0","4","4","HKCR\WOW6432Node\Interface\{F309AD18-D86A-11D0-A075-00C04FB68820}"
"0.0000640","8","4","4","0","0","0","HKCR\WOW6432Node\Interface\{F309AD18-D86A-11D0-A075-00C04FB68820}\ProxyStubClsid32"
"0.0000213","4","0","0","4","0","0","HKCR\WOW6432Node\Interface\{F309AD18-D86A-11D0-A075-00C04FB68820}\ProxyStubClsid32\(Default)"
"0.0007829","264","0","0","0","0","264","HKLM"
"0.0000578","18","6","6","0","6","0","HKLM\Software\Microsoft\COM3"
"0.0000264","6","0","0","6","0","0","HKLM\SOFTWARE\Microsoft\COM3\Com+Enabled"
"0.0000665","18","6","6","0","6","0","HKLM\Software\Microsoft\Cryptography"
"0.0000950","24","0","0","24","0","0","HKLM\SOFTWARE\Microsoft\Cryptography\MachineGuid"
"0.0000427","6","2","2","0","2","0","HKLM\SOFTWARE\Microsoft\Internet Explorer\ActiveX Compatibility\{FE9E48A4-A014-11D1-855C-00A0C944138C}"
"0.0000093","2","0","0","2","0","0","HKLM\SOFTWARE\Microsoft\Internet Explorer\ActiveX Compatibility\{FE9E48A4-A014-11D1-855C-00A0C944138C}\(Default)"
"0.0000506","6","2","2","0","2","0","HKLM\SOFTWARE\Microsoft\Internet Explorer\AdvancedOptions\CRYPTO\CERTREV"
"0.0000329","8","0","0","8","0","0","HKLM\SOFTWARE\Microsoft\Internet Explorer\AdvancedOptions\CRYPTO\CERTREV\PlugUIText"
"0.0000508","24","8","8","0","8","0","HKLM\SOFTWARE\Microsoft\Ole"
"0.0000406","12","4","4","0","4","0","HKLM\SOFTWARE\Microsoft\Ole\AppCompat"
"0.0000120","4","0","0","4","0","0","HKLM\SOFTWARE\Microsoft\Ole\AppCompat\RaiseActivationAuthenticationLevel"
"0.0000059","2","0","0","2","0","0","HKLM\SOFTWARE\Microsoft\Ole\LegacyAuthenticationLevel"
"0.0000065","2","0","0","2","0","0","HKLM\SOFTWARE\Microsoft\Ole\LegacyImpersonationLevel"
"0.0000212","6","0","0","6","0","0","HKLM\SOFTWARE\Microsoft\Ole\MaxSxSHashCount"
"0.0001673","60","20","20","0","20","0","HKLM\SOFTWARE\Microsoft\Rpc\SecurityService"
"0.0000747","20","0","0","20","0","0","HKLM\SOFTWARE\Microsoft\Rpc\SecurityService\DefaultAuthLevel"
"0.0000530","6","2","2","0","2","0","HKLM\SOFTWARE\Microsoft\Windows NT\CurrentVersion\Audit\SystemPolicy\System\SecuritySystemExtension"
"0.0000284","8","0","0","8","0","0","HKLM\SOFTWARE\Microsoft\Windows NT\CurrentVersion\Audit\SystemPolicy\System\SecuritySystemExtension\DisplayName"
"0.0000938","6","2","2","0","2","0","HKLM\SOFTWARE\Microsoft\Windows NT\CurrentVersion\BackgroundModel\EventSettings\148"
"0.0000104","2","0","0","2","0","0","HKLM\SOFTWARE\Microsoft\Windows NT\CurrentVersion\BackgroundModel\EventSettings\148\(Default)"
"0.0000506","6","2","2","0","2","0","HKLM\SOFTWARE\Microsoft\Windows NT\CurrentVersion\Perflib\_V2Providers\{1ffc4a37-aabd-49e0-8b3d-fce8b099febb}"
"0.0000140","4","0","0","4","0","0","HKLM\SOFTWARE\Microsoft\Windows NT\CurrentVersion\Perflib\_V2Providers\{1ffc4a37-aabd-49e0-8b3d-fce8b099febb}\ProviderType"
"0.0000440","6","2","2","0","2","0","HKLM\SOFTWARE\Microsoft\Windows NT\CurrentVersion\Perflib\_V2Providers\{3def464b-f31b-4117-8fb7-bb829a0e1a15}\{59ceb84f-55ff-48c0-80cc-df0068501814}"
"0.0000163","4","0","0","4","0","0","HKLM\SOFTWARE\Microsoft\Windows NT\CurrentVersion\Perflib\_V2Providers\{3def464b-f31b-4117-8fb7-bb829a0e1a15}\{59ceb84f-55ff-48c0-80cc-df0068501814}\First Counter"
"0.0001692","6","2","2","0","2","0","HKLM\SOFTWARE\Microsoft\Windows NT\CurrentVersion\Perflib\_V2Providers\{cc629d13-f318-4c40-b1ed-d70bce524515}"
"0.0000157","4","0","0","4","0","0","HKLM\SOFTWARE\Microsoft\Windows NT\CurrentVersion\Perflib\_V2Providers\{cc629d13-f318-4c40-b1ed-d70bce524515}\ProviderType"
"0.0000391","6","2","2","0","2","0","HKLM\SOFTWARE\Microsoft\Windows NT\CurrentVersion\Time Zones\Iran Standard Time"
"0.0000304","8","0","0","8","0","0","HKLM\SOFTWARE\Microsoft\Windows NT\CurrentVersion\Time Zones\Iran Standard Time\Dlt"
"0.0002205","6","2","2","0","2","0","HKLM\SOFTWARE\Microsoft\Windows NT\CurrentVersion\Winlogon\GPExtensions\{3A0DBA37-F8B2-4356-83DE-3E90BD5C261F}"
"0.0000296","8","0","0","8","0","0","HKLM\SOFTWARE\Microsoft\Windows NT\CurrentVersion\Winlogon\GPExtensions\{3A0DBA37-F8B2-4356-83DE-3E90BD5C261F}\(Default)"
"0.0000580","12","4","4","0","4","0","HKLM\SOFTWARE\Microsoft\Windows\CurrentVersion\AppModelUnlock"
"0.0000106","4","0","0","4","0","0","HKLM\SOFTWARE\Microsoft\Windows\CurrentVersion\AppModelUnlock\AllowDevelopmentWithoutDevLicense"
"0.0000524","6","2","2","0","2","0","HKLM\SOFTWARE\Microsoft\Windows\CurrentVersion\Explorer\AutoplayHandlers\CancelAutoplay\Files"
"0.0000337","8","0","0","8","0","0","HKLM\SOFTWARE\Microsoft\Windows\CurrentVersion\Explorer\AutoplayHandlers\CancelAutoplay\Files\Imposta.exe"
"0.0000420","6","2","2","0","2","0","HKLM\SOFTWARE\Microsoft\Windows\CurrentVersion\Explorer\FolderTypes\{de2b70ec-9bf7-4a93-bd3d-243f7881d492}"
"0.0000278","4","0","0","4","0","0","HKLM\SOFTWARE\Microsoft\Windows\CurrentVersion\Explorer\FolderTypes\{de2b70ec-9bf7-4a93-bd3d-243f7881d492}\LayoutType"
"0.0000590","6","2","2","0","2","0","HKLM\SOFTWARE\Microsoft\Windows\CurrentVersion\Explorer\StartMenu\StartPanel\PinnedItems\Personal"
"0.0000149","4","0","0","4","0","0","HKLM\SOFTWARE\Microsoft\Windows\CurrentVersion\Explorer\StartMenu\StartPanel\PinnedItems\Personal\HKeyRoot"
"0.0000496","6","2","2","0","2","0","HKLM\SOFTWARE\Microsoft\Windows\CurrentVersion\Internet Settings\SO\WINFX\WINDOWS_BROWSER_APPLICATIONS\ENABLE"
"0.0000309","8","0","0","8","0","0","HKLM\SOFTWARE\Microsoft\Windows\CurrentVersion\Internet Settings\SO\WINFX\WINDOWS_BROWSER_APPLICATIONS\ENABLE\Text"
"0.0000456","6","2","2","0","2","0","HKLM\SOFTWARE\Microsoft\Windows\CurrentVersion\Internet Settings\TemplatePolicies\MedHigh"
"0.0000256","4","0","0","4","0","0","HKLM\SOFTWARE\Microsoft\Windows\CurrentVersion\Internet Settings\TemplatePolicies\MedHigh\140D"
"0.0000278","6","2","2","0","2","0","HKLM\SOFTWARE\Microsoft\Windows\CurrentVersion\Policies\System"
"0.0000209","4","0","0","4","0","0","HKLM\SOFTWARE\Microsoft\Windows\CurrentVersion\Policies\System\DontDisplayLastUserName"
"0.0001259","24","24","0","0","0","0","HKLM\SOFTWARE\Policies\Microsoft\System\DNSClient"
"0.0000256","6","2","2","0","2","0","HKLM\SOFTWARE\Policies\Microsoft\Windows NT\Terminal Services"
"0.0000616","6","2","2","0","2","0","HKLM\SOFTWARE\Policies\Microsoft\Windows NT\Terminal Services\Client"
"0.0000150","4","0","0","4","0","0","HKLM\SOFTWARE\Policies\Microsoft\Windows NT\Terminal Services\Client\fEnableUsbBlockDeviceBySetupClass"
"0.0000244","2","0","0","2","0","0","HKLM\SOFTWARE\Policies\Microsoft\Windows NT\Terminal Services\fDenyTSConnections"
"0.0000633","12","4","4","0","4","0","HKLM\SOFTWARE\Policies\Microsoft\Windows\Appx"
"0.0000127","4","0","0","4","0","0","HKLM\SOFTWARE\Policies\Microsoft\Windows\Appx\AllowDevelopmentWithoutDevLicense"
"0.0000217","2","2","0","0","0","0","HKLM\SOFTWARE\Policies\Microsoft\WindowsFirewall\DomainProfile"
"0.0000106","2","2","0","0","0","0","HKLM\SOFTWARE\Policies\Microsoft\WindowsFirewall\PrivateProfile"
"0.0000105","2","2","0","0","0","0","HKLM\SOFTWARE\Policies\Microsoft\WindowsFirewall\PublicProfile"
"0.0001551","24","4","4","8","4","4","HKLM\Software\WOW6432Node\Microsoft\AMSI\Providers"
"0.0002374","18","6","6","0","6","0","HKLM\SOFTWARE\WOW6432Node\Microsoft\Cryptography\Defaults\Provider Types\Type 001"
"0.0001798","24","0","0","24","0","0","HKLM\SOFTWARE\WOW6432Node\Microsoft\Cryptography\Defaults\Provider Types\Type 001\Name"
"0.0000992","18","6","6","0","6","0","HKLM\SOFTWARE\WOW6432Node\Microsoft\Cryptography\Defaults\Provider\Microsoft Strong Cryptographic Provider"
"0.0001580","24","0","0","24","0","0","HKLM\SOFTWARE\WOW6432Node\Microsoft\Cryptography\Defaults\Provider\Microsoft Strong Cryptographic Provider\Image Path"
"0.0000363","6","0","0","6","0","0","HKLM\SOFTWARE\WOW6432Node\Microsoft\Cryptography\Defaults\Provider\Microsoft Strong Cryptographic Provider\Type"
"0.0000594","6","6","0","0","0","0","HKLM\Software\WOW6432Node\Microsoft\Cryptography\Offload"
"0.0000450","8","8","0","0","0","0","HKLM\Software\WOW6432Node\Microsoft\OLE"
"0.0000346","4","4","0","0","0","0","HKLM\Software\WOW6432Node\Microsoft\OLE\AppCompat"
"0.0001800","20","20","0","0","0","0","HKLM\Software\WOW6432Node\Microsoft\Rpc\SecurityService"
"0.0000354","12","4","4","0","4","0","HKLM\Software\WOW6432Node\Microsoft\WBEM"
"0.0000140","4","0","0","4","0","0","HKLM\SOFTWARE\WOW6432Node\Microsoft\WBEM\AmsiEnable"
"0.0002649","36","12","12","0","12","0","HKLM\Software\WOW6432Node\Microsoft\WBEM\CIMOM"
"0.0000145","4","0","0","4","0","0","HKLM\SOFTWARE\WOW6432Node\Microsoft\WBEM\CIMOM\ContextLimit"
"0.0000142","4","0","0","4","0","0","HKLM\SOFTWARE\WOW6432Node\Microsoft\WBEM\CIMOM\EnablePrivateObjectHeap"
"0.0000138","4","0","0","4","0","0","HKLM\SOFTWARE\WOW6432Node\Microsoft\WBEM\CIMOM\IdentifierLimit"
"0.0000167","4","0","0","4","0","0","HKLM\SOFTWARE\WOW6432Node\Microsoft\WBEM\CIMOM\Log File Max Size"
"0.0000185","4","0","0","4","0","0","HKLM\SOFTWARE\WOW6432Node\Microsoft\WBEM\CIMOM\Logging"
"0.0000419","8","0","0","8","0","0","HKLM\SOFTWARE\WOW6432Node\Microsoft\WBEM\CIMOM\Logging Directory"
"0.0000144","4","0","0","4","0","0","HKLM\SOFTWARE\WOW6432Node\Microsoft\WBEM\CIMOM\ObjectLimit"
"0.0000186","4","0","0","4","0","0","HKLM\SOFTWARE\WOW6432Node\Microsoft\WBEM\CIMOM\ProcessID"
"0.0001107","24","24","0","0","0","0","HKLM\Software\WOW6432Node\Policies\Microsoft\System\DNSClient"
"0.0018017","276","184","92","0","0","0","HKLM\System\CurrentControlSet\Control\CI"
"0.0003035","92","0","0","92","0","0","HKLM\System\CurrentControlSet\Control\CI\Disable26178932"
"0.0003894","8","4","2","0","2","0","HKLM\SYSTEM\CurrentControlSet\Control\Class\{4d36e97d-e325-11ce-bfc1-08002be10318}\0016"
"0.0000247","2","0","0","2","0","0","HKLM\System\CurrentControlSet\Control\Class\{4d36e97d-e325-11ce-bfc1-08002be10318}\0016\(Default)"
"0.0001844","8","4","2","0","2","0","HKLM\SYSTEM\CurrentControlSet\Control\DeviceContainers\{30d777e3-136c-54e8-beda-52380ffe1618}\BaseContainers"
"0.0000060","2","0","0","2","0","0","HKLM\System\CurrentControlSet\Control\DeviceContainers\{30d777e3-136c-54e8-beda-52380ffe1618}\BaseContainers\(Default)"
"0.0000473","8","4","2","0","2","0","HKLM\SYSTEM\CurrentControlSet\Control\FeatureManagement\UsageSubscriptions\1197996683\{4D8EF805-3F4E-44E9-AD44-51A2E8728A2E}"
"0.0000169","4","0","0","4","0","0","HKLM\System\CurrentControlSet\Control\FeatureManagement\UsageSubscriptions\1197996683\{4D8EF805-3F4E-44E9-AD44-51A2E8728A2E}\ReportingTarget"
"0.0000933","24","16","8","0","0","0","HKLM\System\CurrentControlSet\Control\Lsa"
"0.0000436","4","0","0","4","0","0","HKLM\System\CurrentControlSet\Control\Lsa\AnonymousAppContainerImpersonationLevelCheck"
"0.0000165","4","0","0","4","0","0","HKLM\System\CurrentControlSet\Control\Lsa\EveryoneIncludesAnonymous"
"0.0000337","8","4","2","0","2","0","HKLM\SYSTEM\CurrentControlSet\Control\MediaCategories\{DFF21CE1-F70F-11D0-B917-00A0C9223196}"
"0.0000180","4","0","0","4","0","0","HKLM\System\CurrentControlSet\Control\MediaCategories\{DFF21CE1-F70F-11D0-B917-00A0C9223196}\Display"
"0.0000287","8","4","2","0","2","0","HKLM\SYSTEM\CurrentControlSet\Control\MUI\StringCacheSettings"
"0.0000276","2","0","0","2","0","0","HKLM\System\CurrentControlSet\Control\MUI\StringCacheSettings\StringCacheGeneration"
"0.0001906","8","4","2","0","2","0","HKLM\SYSTEM\CurrentControlSet\Control\NetDiagFx\Microsoft\HostDLLs\GroupingHelperClass\HelperClasses\GroupingHelperClass\Repairs\{BA21DE62-85AF-4266-BD63-355CF357F8B0}"
"0.0000161","2","0","0","2","0","0","HKLM\System\CurrentControlSet\Control\NetDiagFx\Microsoft\HostDLLs\GroupingHelperClass\HelperClasses\GroupingHelperClass\Repairs\{BA21DE62-85AF-4266-BD63-355CF357F8B0}\(Default)"
"0.0005533","8","4","2","0","2","0","HKLM\SYSTEM\CurrentControlSet\Control\NetDiagFx\Microsoft\HostDLLs\WPPTrace\HelperClasses\InternetServer_wpp\Providers\{AF9CC194-E9A8-42BD-B0D1-834E9CFAB799}"
"0.0000126","2","0","0","2","0","0","HKLM\System\CurrentControlSet\Control\NetDiagFx\Microsoft\HostDLLs\WPPTrace\HelperClasses\InternetServer_wpp\Providers\{AF9CC194-E9A8-42BD-B0D1-834E9CFAB799}\(Default)"
"0.0000485","8","4","2","0","2","0","HKLM\SYSTEM\CurrentControlSet\Control\NetTrace\Scenarios\DirectAccess"
"0.0000274","8","0","0","8","0","0","HKLM\System\CurrentControlSet\Control\NetTrace\Scenarios\DirectAccess\Description"
"0.0004156","8","4","2","0","2","0","HKLM\SYSTEM\CurrentControlSet\Control\NetTrace\Scenarios\LAN"
"0.0000093","2","0","0","2","0","0","HKLM\System\CurrentControlSet\Control\NetTrace\Scenarios\LAN\(Default)"
"0.0003288","8","4","2","0","2","0","HKLM\SYSTEM\CurrentControlSet\Control\Network\{4d36e975-e325-11ce-bfc1-08002be10318}\{464F524D-4154-504C-A0A2-41BDC48EF8E9}"
"0.0000292","8","0","0","8","0","0","HKLM\System\CurrentControlSet\Control\Network\{4d36e975-e325-11ce-bfc1-08002be10318}\{464F524D-4154-504C-A0A2-41BDC48EF8E9}\Description"
"0.0002921","8","4","2","0","2","0","HKLM\SYSTEM\CurrentControlSet\Control\Power\EnergyEstimation\TaggedEnergy"
"0.0000159","4","0","0","4","0","0","HKLM\System\CurrentControlSet\Control\Power\EnergyEstimation\TaggedEnergy\DisableTaggedEnergyLogging"
"0.0000666","8","4","2","0","2","0","HKLM\SYSTEM\CurrentControlSet\Control\Power\PowerSettings\238C9FA8-0AAD-41ED-83F4-97BE242C8F20\abfc2519-3608-4c2a-94ea-171b0ed546ab"
"0.0000095","2","0","0","2","0","0","HKLM\System\CurrentControlSet\Control\Power\PowerSettings\238C9FA8-0AAD-41ED-83F4-97BE242C8F20\abfc2519-3608-4c2a-94ea-171b0ed546ab\(Default)"
"0.0003142","8","4","2","0","2","0","HKLM\SYSTEM\CurrentControlSet\Control\Power\PowerSettings\238C9FA8-0AAD-41ED-83F4-97BE242C8F20\BD3B718A-0680-4D9D-8AB2-E1D2B4AC806D\2"
"0.0000422","12","0","0","12","0","0","HKLM\System\CurrentControlSet\Control\Power\PowerSettings\238C9FA8-0AAD-41ED-83F4-97BE242C8F20\BD3B718A-0680-4D9D-8AB2-E1D2B4AC806D\2\Description"
"0.0003804","8","4","2","0","2","0","HKLM\SYSTEM\CurrentControlSet\Control\SafeBoot\Network\PolicyAgent"
"0.0000274","8","0","0","8","0","0","HKLM\System\CurrentControlSet\Control\SafeBoot\Network\PolicyAgent\(Default)"
"0.0000275","8","4","2","0","2","0","HKLM\SYSTEM\CurrentControlSet\Control\Terminal Server"
"0.0000194","4","0","0","4","0","0","HKLM\System\CurrentControlSet\Control\Terminal Server\fDenyTSConnections"
"0.0002408","8","4","2","0","2","0","HKLM\SYSTEM\CurrentControlSet\Control\WDI\Scenarios\{401085D8-8AA5-403B-BAF4-40C389D6B5C2}\Instrumentation\{AD8AA069-A01B-40A0-BA40-948D1D8DEDC5};3"
"0.0000164","4","0","0","4","0","0","HKLM\System\CurrentControlSet\Control\WDI\Scenarios\{401085D8-8AA5-403B-BAF4-40C389D6B5C2}\Instrumentation\{AD8AA069-A01B-40A0-BA40-948D1D8DEDC5};3\Level"
"0.0002357","8","4","2","0","2","0","HKLM\SYSTEM\CurrentControlSet\Control\WDI\Scenarios\{BFE54785-8631-429D-B624-3B6CBB30A7D2}\Instrumentation\{30336ed4-e327-447c-9de0-51b652c86108};63200"
"0.0000171","4","0","0","4","0","0","HKLM\System\CurrentControlSet\Control\WDI\Scenarios\{BFE54785-8631-429D-B624-3B6CBB30A7D2}\Instrumentation\{30336ed4-e327-447c-9de0-51b652c86108};63200\Keyword"
"0.0006624","8","4","2","0","2","0","HKLM\SYSTEM\CurrentControlSet\Control\WMI\Autologger\EventLog-Application\{1418ef04-b0b4-4623-bf7e-d74ab47bbdaa}"
"0.0000167","4","0","0","4","0","0","HKLM\System\CurrentControlSet\Control\WMI\Autologger\EventLog-Application\{1418ef04-b0b4-4623-bf7e-d74ab47bbdaa}\MatchAnyKeyword"
"0.0001834","8","4","2","0","2","0","HKLM\SYSTEM\CurrentControlSet\Control\WMI\Autologger\EventLog-Application\{b447b4e1-7780-11e0-ada3-18a90531a85a}"
"0.0000170","4","0","0","4","0","0","HKLM\System\CurrentControlSet\Control\WMI\Autologger\EventLog-Application\{b447b4e1-7780-11e0-ada3-18a90531a85a}\EnableProperty"
"0.0001098","2","0","0","2","0","0","HKLM\System\CurrentControlSet\Control\WMI\Security\0998dfb7-59d7-4e82-92ce-8a83e7c0bb3e"
"0.0000991","4","0","0","4","0","0","HKLM\System\CurrentControlSet\Control\WMI\Security\703fcc13-b66f-5868-ddd9-e2db7f381ffb"
"0.0000636","2","0","0","2","0","0","HKLM\System\CurrentControlSet\Control\WMI\Security\e90cb4c0-c7b6-4f18-a53a-187934ad4b55"
"0.0000436","8","4","2","0","2","0","HKLM\SYSTEM\CurrentControlSet\Services\BasicDisplay\VolatileSettings"
"0.0000115","2","0","0","2","0","0","HKLM\System\CurrentControlSet\Services\BasicDisplay\VolatileSettings\(Default)"
"0.0001662","8","4","2","0","2","0","HKLM\SYSTEM\CurrentControlSet\Services\BFE\Security"
"0.0000497","6","0","0","6","0","0","HKLM\System\CurrentControlSet\Services\BFE\Security\Security"
"0.0004009","8","4","2","0","2","0","HKLM\SYSTEM\CurrentControlSet\Services\circlass"
"0.0000196","4","0","0","4","0","0","HKLM\System\CurrentControlSet\Services\circlass\Start"
"0.0002010","8","4","2","0","2","0","HKLM\SYSTEM\CurrentControlSet\Services\NdisTapi\Enum"
"0.0000323","8","0","0","8","0","0","HKLM\System\CurrentControlSet\Services\NdisTapi\Enum\2"
"0.0000487","8","4","2","0","2","0","HKLM\SYSTEM\CurrentControlSet\Services\SharedAccess\Defaults\FirewallPolicy\FirewallRules"
"0.0002019","12","0","0","12","0","0","HKLM\System\CurrentControlSet\Services\SharedAccess\Defaults\FirewallPolicy\FirewallRules\MSDTC-Out-TCP"
"0.0000739","8","4","2","0","2","0","HKLM\SYSTEM\CurrentControlSet\Services\SharedAccess\Parameters\FirewallPolicy\FirewallRules"
"0.0005604","12","0","0","12","0","0","HKLM\System\CurrentControlSet\Services\SharedAccess\Parameters\FirewallPolicy\FirewallRules\MDNS-In-UDP-Public-Active"
"0.0000443","8","4","2","0","2","0","HKLM\SYSTEM\CurrentControlSet\Services\SharedAccess\Parameters\FirewallPolicy\RestrictedServices\AppIso\FirewallRules"
"0.0010962","12","0","0","12","0","0","HKLM\System\CurrentControlSet\Services\SharedAccess\Parameters\FirewallPolicy\RestrictedServices\AppIso\FirewallRules\{DCF0F703-7E85-4668-A6F1-500745CEB0B0}"
"0.0000494","8","4","2","0","2","0","HKLM\SYSTEM\CurrentControlSet\Services\simptcp"
"0.0000217","4","0","0","4","0","0","HKLM\System\CurrentControlSet\Services\simptcp\Start"
"0.0000467","8","4","2","0","2","0","HKLM\SYSTEM\CurrentControlSet\Services\sppsvc"
"0.0000290","8","0","0","8","0","0","HKLM\System\CurrentControlSet\Services\sppsvc\ImagePath"
"0.0004271","96","48","24","0","24","0","HKLM\System\CurrentControlSet\Services\Tcpip\Parameters"
"0.0000603","12","0","0","12","0","0","HKLM\System\CurrentControlSet\Services\Tcpip\Parameters\Domain"
"0.0000720","12","0","0","12","0","0","HKLM\System\CurrentControlSet\Services\Tcpip\Parameters\Hostname"
"0.0000522","10","4","2","0","2","2","HKLM\System\CurrentControlSet\Services\Tcpip\Parameters\Interfaces"
"0.0000158","4","2","2","0","0","0","HKLM\System\CurrentControlSet\Services\Tcpip\Parameters\Interfaces\{213186dc-ec1e-11eb-b645-806e6f6e6963}"
"0.0000088","2","0","0","2","0","0","HKLM\System\CurrentControlSet\Services\Tcpip\Parameters\Interfaces\{213186dc-ec1e-11eb-b645-806e6f6e6963}\EnableDhcp"
"0.0000489","8","4","2","0","2","0","HKLM\SYSTEM\CurrentControlSet\Services\WFPLWFS\Parameters\Adapters\{CBB62349-2561-4C5B-8D67-C90459E26A22}\{3BFD7820-D65C-4C1B-9FEA-983A019639EA}-0000"
"0.0000061","2","0","0","2","0","0","HKLM\System\CurrentControlSet\Services\WFPLWFS\Parameters\Adapters\{CBB62349-2561-4C5B-8D67-C90459E26A22}\{3BFD7820-D65C-4C1B-9FEA-983A019639EA}-0000\(Default)"
"0.0000241","8","2","2","0","0","4","HKU\.DEFAULT"
"0.0000203","6","2","2","0","2","0","HKU\.DEFAULT\Software\Classes\Local Settings\MuiCache\a\52C64B7E"
"0.0000208","2","0","0","2","0","0","HKU\.DEFAULT\Software\Classes\Local Settings\MuiCache\a\52C64B7E\@%systemroot%\system32\FirewallControlPanel.dll,-12122"
"0.0000085","2","2","0","0","0","0","HKU\S-1-5-18"
"0.0000461","6","6","0","0","0","0","HKU\S-1-5-18_Classes"
